rank,uri,artist_names,track_name,source,peak_rank,previous_rank,weeks_on_chart,streams
1,"spotify:track:0yLdNVWF3Srea0uzk55zFn","Miley Cyrus","Flowers","Columbia",1,-1,1,"96032624"
2,"spotify:track:4nrPB8O7Y7wsOCJdgXkthe","Bizarrap, Shakira","Shakira: Bzrp Music Sessions, Vol. 53","DALE PLAY Records",2,39,2,"80646962"
3,"spotify:track:1Qrg8KqiBpW07V7PNxwwwL","SZA","Kill Bill","Top Dawg Entertainment/RCA Records",1,1,6,"55234610"
4,"spotify:track:2dHHgzDwk4BJdRwy9uXhTO","Metro Boomin, The Weeknd, 21 Savage","Creepin' (with The Weeknd & 21 Savage)","Republic Records",2,2,7,"35632168"
5,"spotify:track:3nqQXoyQOWXiESFLlDF1hG","Sam Smith, Kim Petras","Unholy (feat. Kim Petras)","Capitol Records UK / EMI",1,3,17,"30603339"
6,"spotify:track:5ww2BF9slyYgNOk37BlC4u","Manuel Turizo","La Bachata","Sony Music Latin/La Industria",4,6,29,"27632715"
7,"spotify:track:4Dvkj6JhhA12EX05fT7y2e","Harry Styles","As It Was","Columbia",1,4,42,"27125381"
8,"spotify:track:2mnXxnrX5vCGolNkaFvVeM","Arcángel, Bad Bunny","La Jumpa","Rimas Entertainment LLC.",8,8,7,"27059930"
9,"spotify:track:4uUG5RXrOk84mYEfFvj3cK","David Guetta, Bebe Rexha","I'm Good (Blue)","Parlophone UK",2,5,21,"26748555"
10,"spotify:track:0V3wPSX9ygBnCm8psDIegu","Taylor Swift","Anti-Hero","Taylor Swift",1,7,13,"24537917"
11,"spotify:track:2tTmW7RDtMQtBk7m2rYeSw","Bizarrap, Quevedo","Quevedo: Bzrp Music Sessions, Vol. 52","DALE PLAY Records",1,9,28,"23607662"
12,"spotify:track:5WxVXxCMRnvxUKFq40ELwq","RAYE, 070 Shake","Escapism.","Human Re Sources",12,12,8,"23391976"
13,"spotify:track:3r8RuvgbX9s7ammBn07D3W","NewJeans","Ditto","ADOR",11,11,5,"22350849"
14,"spotify:track:0WtM2NBVQNNJLh6scP13H8","Rema, Selena Gomez","Calm Down (with Selena Gomez)","Mavin Records / Jonzing World",13,13,21,"21825027"
15,"spotify:track:0JXXNGljqupsJaZsgSbMZV","Miguel","Sure Thing","Jive",15,25,6,"21208445"
16,"spotify:track:5odlY52u43F5BjByhxg7wg","JVKE","golden hour","JVKE",14,14,21,"21078730"
17,"spotify:track:4FAKtPVycI4DxoOHC01YqD","Yandel, Feid","Yandel 150","La Leyenda LLC",17,54,2,"20407680"
18,"spotify:track:1zsPaEkglFvxjAhrM8yhpr","Ozuna, Feid","Hey Mor","Aura Music Corp.",14,18,14,"20388083"
19,"spotify:track:7jtQIBanIiJOMS6RyCx6jZ","Tom Odell","Another Love","ITNO/Columbia",15,15,93,"20219891"
20,"spotify:track:0IKeDy5bT9G0bA7ZixRT4A","Fuerza Regida, Grupo Frontera","Bebe Dame","Rancho Humilde/Street Mob Records",20,33,3,"19269821"
21,"spotify:track:78Sw5GDo6AlGwTwanjXbGh","d4vd","Here With Me","Darkroom/Interscope Records",21,22,12,"19219537"
22,"spotify:track:4h9wh7iOZ0GGn8QVp4RAOB","OneRepublic","I Ain't Worried","Interscope Records",7,17,33,"19166125"
23,"spotify:track:2LBqCSwhJGcFQeTHMVGwy3","The Weeknd","Die For You","Universal Republic Records",19,19,49,"18851925"
24,"spotify:track:3zkyus0njMCL6phZmNNEeN","Central Cee","LET GO","Central Cee",19,21,5,"18389920"
25,"spotify:track:1bDbXMyjaUIooNwFE9wn0N","Drake, 21 Savage","Rich Flex","OVO / Republic Records",2,16,11,"18171689"
26,"spotify:track:561jH07mF1jHuk7KlaeF0s","Eminem","Mockingbird","Aftermath",24,24,14,"17746120"
27,"spotify:track:0vjeOZ3Ft5jvAi9SBFJm1j","Metro Boomin, Future, Chris Brown","Superhero (Heroes & Villains) [with Future & Chris Brown]","Republic Records",15,43,7,"17485118"
28,"spotify:track:54ELExv56KCAB4UP9cOCzC","Ñengo Flow, Bad Bunny","Gato de Noche","Rimas Entertainment LLC",25,27,4,"17234070"
29,"spotify:track:6G12ZafqofSq7YtrMqUm76","Shakira, Ozuna","Monotonía","Sony Music Latin",21,59,13,"17198907"
30,"spotify:track:65FftemJ1DbbZ45DUfHJXE","NewJeans","OMG","ADOR",30,30,3,"17155651"
31,"spotify:track:6Sq7ltF9Qa7SNFBsV5Cogx","Bad Bunny, Chencho Corleone","Me Porto Bonito","Rimas Entertainment LLC",2,23,37,"17006500"
32,"spotify:track:61AZsmFB3VoJdmraMk5ZSn","TAEYANG, Jimin","VIBE (feat. Jimin of BTS)","THEBLACKLABEL/Interscope Records",32,-1,1,"16482813"
33,"spotify:track:73vIOb4Q7YN6HeJTbscRx5","Oliver Tree, Robin Schulz","Miss You - Bonus Track","Atlantic Records",11,26,15,"16480204"
34,"spotify:track:5XeFesFbtLpXzIVDNQP22n","Arctic Monkeys","I Wanna Be Yours","Domino Recording Co",27,28,28,"16222658"
35,"spotify:track:0oBtwScT4B4BR5kZitNWd5","Quevedo","PUNTO G","Quevedo",35,58,11,"16013947"
36,"spotify:track:6Um358vY92UBv5DloTRX9L","Carin Leon, Grupo Frontera","Que Vuelvas","BorderKid Records/Sony Music Latin",36,60,3,"15805526"
37,"spotify:track:0QHEIqNKsMoOY5urbzN48u","Meghan Trainor","Made You Look","Epic",8,20,13,"15771884"
38,"spotify:track:1IHWl5LamUGEuP4ozKQSXZ","Bad Bunny","Tití Me Preguntó","Rimas Entertainment LLC",4,29,37,"15693345"
39,"spotify:track:1xK59OXxi2TAAAbmZK0kBL","d4vd","Romantic Homicide","Darkroom/Interscope Records",17,32,20,"15264284"
40,"spotify:track:5IgjP7X4th6nMNDh4akUHb","Chris Brown","Under The Influence","Chris Brown Entertainment/RCA Records",6,31,26,"14904116"
41,"spotify:track:5Y35SjAfXjjG0sFQ3KOxmm","SZA","Nobody Gets Me","Top Dawg Entertainment/RCA Records",12,47,6,"14757740"
42,"spotify:track:53tfEupEzQRtVFOeZvk7xq","ROSALÍA","DESPECHÁ","Columbia",5,37,25,"14746663"
43,"spotify:track:11BKm0j4eYoCPPpCONAVwA","Lady Gaga","Bloody Mary","Interscope",31,38,8,"14740484"
44,"spotify:track:6dgUya35uo964z7GZXM07g","Sabrina Carpenter","Nonsense","Island Records",44,-1,1,"14682959"
45,"spotify:track:4k6Uh1HXdhtusDW5y8Gbvy","Steve Lacy","Bad Habit","L-M Records/RCA Records",10,34,28,"14670065"
46,"spotify:track:1Y3LN4zO1Edc2EluIoSPJN","Stephen Sanchez, Em Beihold","Until I Found You (with Em Beihold) - Em Beihold Version","Republic Records",10,10,7,"14565734"
47,"spotify:track:76OGwb5RA9h4FxQPT33ekc","Rosa Linn","SNAP","Columbia",16,36,28,"14449868"
48,"spotify:track:2K9kZpwD2CzTa6iiSYYOoO","Marília Mendonça","Leão","Som Livre",48,55,3,"14419764"
49,"spotify:track:2QjOHCTQ1Jl3zawyYOpxh6","The Neighbourhood","Sweater Weather","Columbia",19,35,125,"14371883"
50,"spotify:track:54ipXppHLA8U4yqpOFTUhr","Imagine Dragons","Bones","Kid Ina Korner / Interscope",26,44,45,"14239406"
51,"spotify:track:02MWAaffLxlfxAUY7c5dvx","Glass Animals","Heat Waves","Polydor Records",1,45,108,"13729329"
52,"spotify:track:7MXVkk9YMctZqd1Srtv4MB","The Weeknd, Daft Punk","Starboy","Universal Republic Records",1,49,120,"13682639"
53,"spotify:track:2CeKVsFFXG4QzA415QygGb","Feid","Feliz Cumpleaños Ferxxo","UMLE - Latino",38,48,22,"13326985"
54,"spotify:track:5PjdY0CKGZdEuoNab3yDmX","The Kid LAROI, Justin Bieber","STAY (with Justin Bieber)","Columbia",1,50,80,"13256747"
55,"spotify:track:5Eax0qFko2dh7Rl2lYs3bx","Bad Bunny","Efecto","Rimas Entertainment LLC",6,41,37,"13177643"
56,"spotify:track:1xzi1Jcr7mEi9K2RfzLOqS","Beyoncé","CUFF IT","Parkwood Entertainment/Columbia",13,51,22,"13163854"
57,"spotify:track:4FyesJzVpA39hbYvcseO2d","Lil Uzi Vert","Just Wanna Rock","Generation Now/Atlantic",42,42,13,"13025623"
58,"spotify:track:4iZ4pt7kvcaH6Yo8UoZ4s2","SZA","Snooze","Top Dawg Entertainment/RCA Records",57,131,4,"12969240"
59,"spotify:track:3k3NWokhRRkEPhCzPmV8TW","Bad Bunny, Bomba Estéreo","Ojitos Lindos","Rimas Entertainment LLC",3,46,37,"12775567"
60,"spotify:track:0VjIjW4GlUZAMYd2vXMi3b","The Weeknd","Blinding Lights","Republic Records",1,52,164,"12412039"
61,"spotify:track:4ewazQLXFTDC8XvCbhvtXs","Joji","Glimpse of Us","88rising Music/Warner Records",1,53,32,"12181429"
62,"spotify:track:4rPJSqrov3zqGwXlemLBMw","RAYE, 070 Shake","Escapism. - Sped Up","Human Re Sources",62,99,3,"12166654"
63,"spotify:track:1418IuVKQPTYqt7QNJ9RXN","King","Maan Meri Jaan","Warner Music India",40,40,9,"11860712"
64,"spotify:track:1lRtH4FszTrwwlK5gTSbXO","Natanael Cano, Peso Pluma, Gabito Ballesteros","AMG","WEA Latina",64,117,2,"11849660"
65,"spotify:track:2GAhgAjOhEmItWLfgisyOn","SZA","Low","Top Dawg Entertainment/RCA Records",29,65,6,"11804135"
66,"spotify:track:0u2P5u6lvoDfwTYjAADbn4","Billie Eilish, Khalid","lovely (with Khalid)","Darkroom",24,75,248,"11407644"
67,"spotify:track:6TBzRwnX2oYd8aOrOuyK1p","Oscar Maydon, Junior H","Fin de Semana","Rancho Humilde",67,-1,1,"11370014"
68,"spotify:track:1N8TTK1Uoy7UvQNUazfUt5","ThxSoMch","SPIT IN MY FACE!","Elektra (NEK)",68,72,10,"11299489"
69,"spotify:track:23Lyy7ZXRvzfgH4JtDkKrX","Grupo Frontera","No Se Va - EN VIVO","Grupo Frontera",36,73,17,"11276811"
70,"spotify:track:6WbAhuwE6fCOriBu5786X1","KAROL G, Ovy On The Drums","CAIRO","Universal Music Latino",70,94,9,"11175029"
71,"spotify:track:2wSTnntOPRi7aQneobFtU4","SZA","Shirt","Top Dawg Entertainment/RCA Records",21,57,12,"11145190"
72,"spotify:track:0NO2zL0kw8sGGnaMvHKAZF","Cris Mj, Duki, Nicki Nicole, Standly, Stars Music Chile","Marisola - Remix","Virgin Music Chile",72,81,4,"11031725"
73,"spotify:track:0CYTGMBYkwUxrj1MWDLrC5","Feid","CHORRITO PA LAS ANIMAS","UMLE - Latino",73,129,4,"10983970"
74,"spotify:track:6VhuP99TE6gYNQRJIlAWFD","Stephen Sanchez","Until I Found You","Republic Records",20,64,37,"10893231"
75,"spotify:track:1cKHdTo9u0ZymJdPGSh6nq","The Weeknd, Gesaffelstein","I Was Never There","Universal Republic Records",17,63,33,"10862516"
76,"spotify:track:6BePGk3eCan4FqaW2X8Qy3","Tiësto, Tate McRae","10:35","Atlantic Records",67,67,5,"10804437"
77,"spotify:track:6JIC3hbC28JZKZ8AlAqX8h","Elton John, Dua Lipa, PNAU","Cold Heart - PNAU Remix","EMI",4,62,75,"10481987"
78,"spotify:track:26b3oVLrRUaaybJulow9kz","Libianca","People","5K Records Limited",78,-1,1,"10450166"
79,"spotify:track:2rurDawMfoKP4uHyb2kJBt","Shakira, Rauw Alejandro","Te Felicito","Sony Music Latin",13,191,36,"10403791"
80,"spotify:track:31i56LZnwE6uSu3exoHjtB","Bad Bunny","Neverita","Rimas Entertainment LLC",15,61,37,"10368263"
81,"spotify:track:3azJifCSqg9fRij2yKIbWz","Tory Lanez","The Color Violet","One Umbrella Records",70,70,3,"10237663"
82,"spotify:track:2eAvDnpXP5W0cVtiI0PUxV","Ruth B.","Dandelions","Columbia",34,69,75,"10188738"
83,"spotify:track:7qEHsqek33rTcFNT9PFqLf","Lewis Capaldi","Someone You Loved","Vertigo Berlin",4,98,210,"10163812"
84,"spotify:track:58ge6dfP91o9oXMzq3XkIS","Arctic Monkeys","505","Domino/Warner Records",43,68,55,"9961208"
85,"spotify:track:7yq4Qj7cqayVTp3FF9CWbm","Vance Joy","Riptide","Atlantic Records",85,116,101,"9951539"
86,"spotify:track:33cF8aTmGJ6TsEf23uqGIN","Rauw Alejandro, Lyanno, Brray","LOKERA","Sony Music Latin/Duars Entertainment",38,56,23,"9928643"
88,"spotify:track:0o9zmvc5f3EFApU52PPIyW","Fujii Kaze","Shinunoga E-Wa","Universal Music LLC",66,71,20,"9760011"
89,"spotify:track:3hxIUxnT27p5WcmjGUXNwx","Hotel Ugly","Shut up My Moms Calling","Hotel Ugly, under exclusive license to Amuseio AB",89,91,9,"9742957"
90,"spotify:track:1aOl53hkZGHkl2Snhr7opL","Dean Lewis","How Do I Say Goodbye","Universal Music Australia Pty. Ltd.",86,120,15,"9736753"
91,"spotify:track:0B7wvvmu9EISAwZnOpjhNI","Bruno Mars","When I Was Your Man","Atlantic Records",91,123,21,"9678673"
92,"spotify:track:6Xom58OOXk2SoU711L2IXO","Bad Bunny","Moscow Mule","Rimas Entertainment LLC",2,74,37,"9533937"
93,"spotify:track:5jQI2r1RdgtuT8S3iG8zFC","Taylor Swift","Lavender Haze","Taylor Swift",2,76,13,"9533155"
94,"spotify:track:6OzUIp8KjuwxJnCWkXp1uL","Wisin & Yandel, ROSALÍA","Besos Moja2","Sony Music Latin",64,105,16,"9495578"
95,"spotify:track:4o6v3Oooyt7HF20idztRD4","Israel & Rodolffo, Ana Castela","Bombonzinho - Ao Vivo","Som Livre",80,112,10,"9470044"
96,"spotify:track:2t6IxTASaSFkZEt61tQ6W6","Quevedo, Myke Towers","PLAYA DEL INGLÉS","WM Spain",96,163,5,"9469582"
97,"spotify:track:7iwJOi3hlMqZt6pj1sQOBj","Quevedo","VISTA AL MAR","Quevedo",45,90,19,"9410955"
98,"spotify:track:7lQ8MOhq6IN2w8EYcFNSUk","Eminem","Without Me","Aftermath",31,82,69,"9399088"
99,"spotify:track:7gRFDGEzF9UkBV233yv2dc","BLACKPINK","Shut Down","YG Entertainment/Interscope Records",1,80,18,"9386859"
100,"spotify:track:09mEdoA6zrmBPgTEN5qXmN","The Weeknd","Call Out My Name","Universal Republic Records",1,79,65,"9382636"
101,"spotify:track:0a4MMyCrzT0En247IhqZbD","NewJeans","Hype Boy","ADOR",78,78,16,"9331009"
102,"spotify:track:5Odq8ohlgIbQKMZivbWkEo","Charlie Puth, Jung Kook, BTS","Left and Right (Feat. Jung Kook of BTS)","Atlantic Records",7,85,30,"9201421"
103,"spotify:track:58cEG7FsVoipRiRKUMgOjo","Rauw Alejandro, Baby Rasta","PUNTO 40","Sony Music Latin/Duars Entertainment",48,107,15,"9166525"
104,"spotify:track:4fsQ0K37TOXa3hEQfjEic1","LE SSERAFIM","ANTIFRAGILE","SOURCE MUSIC",63,66,13,"9154531"
105,"spotify:track:3WMj8moIAXJhHsyLaqIIHI","Zach Bryan","Something in the Orange","Warner Records",57,97,19,"9152255"
106,"spotify:track:6sCvvleqKbeyOkQDieBYgp","Rihanna","Lift Me Up - From Black Panther: Wakanda Forever - Music From and Inspired By","Roc Nation/Def Jam/Hollywood",11,92,12,"9121708"
107,"spotify:track:1qEmFfgcLObUfQm0j1W2CK","Harry Styles","Late Night Talking","Columbia",2,84,35,"9104518"
108,"spotify:track:6qyS9qBy0mEk3qYaH8mPss","Kordhell","Murder In My Mind","Kordhell",82,87,23,"9006397"
109,"spotify:track:38T0tPVZHcPZyhtOcCP7pF","Lil Nas X","STAR WALKIN' (League of Legends Worlds Anthem)","Columbia",22,86,17,"9000968"
110,"spotify:track:5QO79kh1waicV47BqGRL3g","The Weeknd","Save Your Tears","Republic Records",2,88,111,"8943982"
111,"spotify:track:1RDvyOk4WtPCtoqciJwVn8","Jung Kook, BTS, FIFA Sound","Dreamers [Music from the FIFA World Cup Qatar 2022 Official Soundtrack]","Katara Studios | 2101 Records under exclusive license to UnitedMasters LLC",14,101,9,"8936789"
112,"spotify:track:3AVrVz5rK8Hrqo9YGiVGN5","Cigarettes After Sex","Apocalypse","Partisan Records",89,106,28,"8927296"
113,"spotify:track:2ksyzVfU0WJoBpu8otr4pz","INTERWORLD","METAMORPHOSIS","INTERWORLD",104,104,5,"8882671"
114,"spotify:track:46IZ0fSY2mpAiktS3KOqds","Adele","Easy On Me","Columbia",1,114,66,"8880617"
115,"spotify:track:2J2Z1SkXYghSajLibnQHOa","Sia","Unstoppable","Monkey Puzzle Records/RCA Records",107,109,49,"8853588"
116,"spotify:track:3BnDvpeuGOj21Ir2aVEtQo","Rema","Calm Down","Mavin Records / Jonzing World",73,77,28,"8831900"
117,"spotify:track:7dSZ6zGTQx66c2GF91xCrb","KAROL G","PROVENZA","Universal Music Latino",6,83,39,"8757908"
118,"spotify:track:4woTEX1wYOTGDqNXuavlRC","Eminem, Dina Rae","Superman","Aftermath",108,108,16,"8725505"
119,"spotify:track:0tgVpDi06FyKpA1z0VMD4v","Ed Sheeran","Perfect","Atlantic Records UK",4,102,305,"8708852"
120,"spotify:track:2CSRrnOEELmhpq8iaAi9cd","SZA","Blind","Top Dawg Entertainment/RCA Records",24,121,6,"8697690"
121,"spotify:track:3F5CgOj3wFlRv51JsHbxhe","Drake, 21 Savage","Jimmy Cooks (feat. 21 Savage)","OVO",7,89,31,"8663181"
122,"spotify:track:68Dni7IE4VyPkTOH9mRWHr","J. Cole","No Role Modelz","Roc Nation Records LLC",76,100,78,"8656237"
123,"spotify:track:0O6u0VJ46W86TxN9wgyqDj","Post Malone, Doja Cat","I Like You (A Happier Song) (with Doja Cat)","Mercury Records/Republic Records",10,111,33,"8652992"
124,"spotify:track:1mea3bSkSGXuIRvnydlB5b","Coldplay","Viva La Vida","Parlophone UK",98,103,21,"8605307"
125,"spotify:track:5FVd6KXrgO9B3JPmC8OPst","Arctic Monkeys","Do I Wanna Know?","Domino Recording Co",98,122,70,"8587584"
126,"spotify:track:3yfqSUWxFvZELEM4PmlwIR","Eminem","The Real Slim Shady","Interscope",51,118,85,"8567123"
127,"spotify:track:3CIyK1V4JEJkg02E4EJnDl","Imagine Dragons, JID, Arcane, League of Legends","Enemy (with JID) - from the series Arcane League of Legends","Kid Ina Korner / Interscope",3,113,64,"8559312"
128,"spotify:track:3fjN3y5x4hN53rykAN2LHQ","Rels B","cómo dormiste?","DALE PLAY Records / Flakk Team",24,-1,16,"8546293"
129,"spotify:track:6UelLqGlWMcVH1E5c4H7lY","Harry Styles","Watermelon Sugar","Columbia",4,115,166,"8520359"
130,"spotify:track:3AJwUDP919kvQ9QcozQPxg","Coldplay","Yellow","Parlophone UK",56,95,109,"8466265"
131,"spotify:track:3rWDp9tBPQR9z6U5YyRSK4","Taylor Swift","Midnight Rain","Taylor Swift",4,96,13,"8454344"
132,"spotify:track:3E7dfMvvCLUddWissuqMwr","Miley Cyrus","Party In The U.S.A.","Hollywood Records",132,-1,1,"8302203"
133,"spotify:track:0pqnGHJpmpxLKifKRmU6WP","Imagine Dragons","Believer","Kid Ina Korner / Interscope",16,128,311,"8269672"
134,"spotify:track:4ilZV1WNjL7IxwE81OnaRY","Bellakath","Gatita","La Mafia del Perreo",94,140,8,"8226386"
135,"spotify:track:3GYlZ7tbxLOxe6ewMNVTkw","Billie Eilish","TV","Darkroom/Interscope Records",27,139,13,"8211087"
136,"spotify:track:5Zlb01Jcn0Ld49zazzZJSB","TWISTED, Oliver Tree, Fast & Furious: The Fast Saga","WORTH NOTHING (feat. Oliver Tree) - Fast & Furious: Drift Tape/Phonk Vol 1","APG Inc – FF10",136,174,7,"8163524"
137,"spotify:track:7H0ya83CMmgFcOhw0UB6ow","Beach House","Space Song","Sub Pop Records",119,119,16,"8151263"
138,"spotify:track:7fBv7CLKzipRk6EC6TWHOB","The Weeknd","The Hills","Universal Republic Records",52,133,72,"8136578"
139,"spotify:track:7DyDjhZMEIK5Ied4juTCyc","AYLIVA, MERO","Sie weiß (feat. Mero)","Whiteheart Records/WM Germany",139,-1,1,"8062007"
140,"spotify:track:5uCax9HTNlzGybIStD3vDh","James Arthur","Say You Won't Let Go","Columbia",7,173,270,"7970116"
141,"spotify:track:7DbdUf8aHSYoliSjO6LZv6","Beach Weather","Sex, Drugs, Etc.","8123 / Arista Records",58,126,23,"7946060"
142,"spotify:track:50x1Ic8CaXkYNvjmxe3WXy","New West","Those Eyes","Republic Records",142,156,3,"7900548"
143,"spotify:track:26hOm7dTtBi0TdpDGl141t","Joji","Die For You","88rising Music/Warner Records",21,134,11,"7889513"
144,"spotify:track:4h4QlmocP3IuwYEj2j14p8","Nicky Youre, dazy","Sunroof","Thirty Knots/Columbia",28,124,37,"7884866"
145,"spotify:track:4H6o1bxKRGzmsE0vzo968m","Yuridia, Ángela Aguilar","Qué Agonía","Sony Music México",145,155,5,"7854710"
146,"spotify:track:3xWGA8pa0IKFI7IMPri4P0","Ed Sheeran","Shivers","Atlantic Records UK",4,127,71,"7837627"
147,"spotify:track:5qaEfEh1AtSdrdrByCP7qR","Imagine Dragons","Demons","Kid Ina Korner / Interscope",147,180,12,"7806722"
148,"spotify:track:6I3mqTwhRpn34SLVafSH7G","Justin Bieber","Ghost","RBMG/Def Jam",11,135,70,"7738019"
149,"spotify:track:4xqrdfXkTW4T0RauPLv3WA","Conan Gray","Heather","Republic Records",12,132,130,"7722596"
150,"spotify:track:2VxeLyX666F8uXCJ0dZF8B","Lady Gaga, Bradley Cooper","Shallow","A Star is Born OST",3,-1,181,"7722337"
151,"spotify:track:7EAMXbLcL0qXmciM5SwMh2","Mac DeMarco","Heart To Heart","Mac’s Record Label",151,-1,1,"7720836"
152,"spotify:track:6HMtHNpW6YPi1hrw9tgF8P","Lizzo","About Damn Time","Nice Life/Atlantic",9,138,36,"7647874"
153,"spotify:track:4SqWKzw0CbA05TGszDgMlc","The Walters","I Love You So","Warner Records",21,141,67,"7591799"
154,"spotify:track:5jt25aFjW2kNoBqaEVaz5W","Mora, Feid","LA INOCENTE","Rimas Entertainment LLC",74,164,26,"7574630"
155,"spotify:track:2Hh3ETdQKrmSI3QS0hme7g","Metro Boomin, Future, Don Toliver","Too Many Nights (feat. Don Toliver & with Future)","Republic Records",33,145,7,"7551154"
156,"spotify:track:1FEiijYPJtyswChfcpv3p0","Lana Del Rey","Summertime Sadness","Urban",94,148,23,"7511251"
157,"spotify:track:5FkJHVudUByVjanCqFXRql","Mr.Kitty","After Dark","Negative Gain Productions",112,162,37,"7506571"
158,"spotify:track:1597vvneWf0zoQrg2D8yH6","MC MENOR HR, MC MENOR SG, DJ ESCOBAR","Evoque Prata","GUETTO RECORDS",69,110,10,"7492729"
159,"spotify:track:37F7E7BKEw2E4O2L7u0IEp","Freddie Dredd","Limbo","Doomshop Records/RCA Records",158,168,9,"7465796"
160,"spotify:track:7ef4DlsgrMEH11cDZd32M6","Calvin Harris, Dua Lipa","One Kiss (with Dua Lipa)","Sony Music UK",2,152,105,"7449833"
161,"spotify:track:5zwwW9Oq7ubSxoCGyW1nbY","BLACKPINK","Pink Venom","YG Entertainment/Interscope Records",2,137,22,"7421331"
162,"spotify:track:3EaJDYHA0KnX88JvDhL9oa","Steve Lacy","Dark Red","Three Quarter",66,125,76,"7399863"
163,"spotify:track:5Z9KJZvQzH6PFmb8SNkxuk","Lil Nas X, Jack Harlow","INDUSTRY BABY (feat. Jack Harlow)","Columbia",2,159,78,"7398727"
164,"spotify:track:1v7L65Lzy0j0vdpRjJewt1","Eminem","Lose Yourself","Aftermath",44,169,106,"7359821"
165,"spotify:track:0fea68AdmYNygeTGI4RC18","J Balvin, Bad Bunny","LA CANCIÓN","Universal Music Latino / Rimas",17,146,100,"7355828"
166,"spotify:track:4ASA1PZyWGbuc4d9N8OAcF","Gustavo Mioto, Mari Fernandez","Eu Gosto Assim - Ao Vivo","Universal Music Ltda.",99,165,15,"7350507"
167,"spotify:track:4WuOWVnAqvEQxgSRrspBgt","Metro Boomin, Travis Scott, 21 Savage","Niagara Falls (Foot or 2) [with Travis Scott & 21 Savage]","Republic Records",24,149,7,"7329848"
168,"spotify:track:2tpWsVSb9UEmDRxAl1zhX1","OneRepublic","Counting Stars","Mosley / Interscope",101,166,92,"7325606"
169,"spotify:track:1u8c2t2Cy7UBoG4ArRcF5g","Taylor Swift","Blank Space","Big Machine Records, LLC",113,151,58,"7309281"
170,"spotify:track:0T2pB7P1VdXPhLdQZ488uH","Feid","Normal","UMLE - Latino",57,181,24,"7264474"
171,"spotify:track:086myS9r57YsLbJpU0TgK9","Arctic Monkeys","Why'd You Only Call Me When You're High?","Domino Recording Co",104,147,61,"7228058"
172,"spotify:track:5TXDeTFVRVY7Cvt0Dw4vWW","XXXTENTACION","Revenge","Bad Vibes Forever / EMPIRE",63,130,46,"7216133"
173,"spotify:track:75FEaRjZTKLhTrFGsfMUXR","Kate Bush","Running Up That Hill (A Deal With God)","Fish People",1,160,33,"7208442"
174,"spotify:track:3PfIrDoz19wz7qK7tYeu62","Dua Lipa","Don't Start Now","Warner Records",2,190,158,"7200765"
175,"spotify:track:3ZFTkvIE7kyPt6Nu3PEa7V","Shakira, Wyclef Jean","Hips Don't Lie (feat. Wyclef Jean)","Epic",175,-1,2,"7186556"
176,"spotify:track:4cktbXiXOapiLBMprHFErI","Maroon 5","Memories","Interscope Records*",2,-1,127,"7173977"
177,"spotify:track:5O2P9iiztwhomNh8xkR9lJ","One Direction","Night Changes","Syco Music",108,144,33,"7173880"
178,"spotify:track:3khEEPRyBeOUabbmOPJzAG","Kenshi Yonezu","KICK BACK","Sony Music Labels Inc.",66,176,11,"7159908"
179,"spotify:track:58HvfVOeJY7lUuCqF0m3ly","Elley Duhé","MIDDLE OF THE NIGHT","Not Fit For Society/RCA Records",11,157,56,"7138440"
180,"spotify:track:3uUuGVFu1V7jTQL60S1r8z","Lost Frequencies, Calum Scott","Where Are You Now","Epic Amsterdam",18,172,69,"7123857"
181,"spotify:track:31mzt4ZV8C0f52pIz1NSwd","Hotel Ugly","Shut up My Moms Calling - (Sped Up)","Hotel Ugly, under exclusive license to Amuseio AB",181,188,2,"7108556"
182,"spotify:track:3XfUFGzbr0LmwFVoLXd9cO","Fuerza Regida, Edgardo Nuñez","Billete Grande (En Vivo)","Rancho Humilde",182,-1,1,"7106221"
183,"spotify:track:2yjlYDiNiQkdxVqTlaSrlX","Nicki Minaj","Super Freaky Girl","Republic Records",14,154,22,"7072594"
184,"spotify:track:5MxWTfmlmRDx6VZHvB9xV8","Sam Smith","Stay With Me","Capitol",148,-1,19,"7050362"
185,"spotify:track:1DIXPcTDzTj8ZMHt3PDt8p","Coolio, L.V.","Gangsta's Paradise","Tommy Boy Music, LLC",40,171,60,"7045890"
186,"spotify:track:5g7sDjBhZ4I3gcFIpkrLuI","Bruno Mars","Locked out of Heaven","Atlantic Records",106,179,47,"7044202"
187,"spotify:track:59nOXPmaKlBfGMDeOVGrIK","Future, Drake, Tems","WAIT FOR U (feat. Drake & Tems)","Epic/Freebandz",10,158,36,"7041079"
188,"spotify:track:5QM0SsyzmBM0pbFY52Xj1X","Sam Smith","I'm Not The Only One","Capitol",82,170,21,"7030842"
189,"spotify:track:7qiZfU4dY1lWllzX7mPBI3","Ed Sheeran","Shape of You","Atlantic Records UK",1,185,300,"7028585"
190,"spotify:track:4OH5Cd8ZOI1eSgJSC9PYmU","Mert Demir, Mabel Matiz","Antidepresan","Pale Records & Pose Records",87,-1,6,"7017789"
191,"spotify:track:3LtpKP5abr2qqjunvjlX5i","Central Cee","Doja","Central Cee",15,136,26,"7002550"
192,"spotify:track:4PMqSO5qyjpvzhlLI5GnID","SZA","Good Days","Top Dawg Entertainment/RCA Records",5,183,36,"6962679"
193,"spotify:track:5gDWsRxpJ2lZAffh5p7K0w","The Weeknd, Lana Del Rey","Stargirl Interlude","Universal Republic Records",131,150,25,"6961546"
194,"spotify:track:1Fid2jjqsHViMX6xNH70hE","Seafret","Atlantis","Sweet Jane Recordings",63,182,23,"6959526"
195,"spotify:track:0RiRZpuVRbi7oqRdSMwhQY","Post Malone, Swae Lee","Sunflower - Spider-Man: Into the Spider-Verse","Republic Records",1,184,217,"6949948"
196,"spotify:track:5wANPM4fQCJwkGd4rN57mH","Olivia Rodrigo","drivers license","Olivia Rodrigo PS",1,-1,96,"6877569"
197,"spotify:track:1oFAF1hdPOickyHgbuRjyX","The Weeknd, Ariana Grande","Save Your Tears (Remix) (with Ariana Grande) - Bonus Track","XO / Republic Records",5,167,88,"6873076"
198,"spotify:track:4RvWPyQ5RL0ao9LPZeSouE","Tears For Fears","Everybody Wants To Rule The World","UMC (Universal Music Catalogue)",105,195,25,"6833008"
199,"spotify:track:3NanY0K4okhIQzL33U5Ad8","PinkPantheress","Boy's a Liar","Warner Records",196,196,2,"6814830"
200,"spotify:track:4xkOaSrkexMciUUogZKVTS","Eminem, Nate Dogg","Till I Collapse","Aftermath",81,-1,54,"6779918"
